<?xml version="1.0" encoding="UTF-8"?>
<!-- Generated by eXe - http://exelearning.net -->
<manifest identifier="eXefracciones647ee5e6279aa4a60c1" xmlns="http://www.imsproject.org/xsd/imscp_rootv1p1p2" xmlns:adlcp="http://www.adlnet.org/xsd/adlcp_rootv1p2" xmlns:imsmd="http://www.imsglobal.org/xsd/imsmd_v1p2" xmlns:xsi="http://www.w3.org/2001/XMLSchema-instance" xsi:schemaLocation="http://www.imsproject.org/xsd/imscp_rootv1p1p2 imscp_rootv1p1p2.xsd http://www.imsglobal.org/xsd/imsmd_rootv1p2p1 imsmd_rootv1p2p1.xsd http://www.adlnet.org/xsd/adlcp_rootv1p2 adlcp_rootv1p2.xsd" > 
<metadata> 
 <schema>ADL SCORM</schema> 
 <schemaversion>1.2</schemaversion> 
 <adlcp:location>imslrm.xml</adlcp:location> 
</metadata> 
<organizations default="eXefracciones647ee5e6279aa4a60c2">  
    <organization identifier="eXefracciones647ee5e6279aa4a60c2" structure="hierarchical">
        <title>Las Fracciones</title>
<item identifier="ITEM-eXefracciones647ee5e6279aa4a60c3" isvisible="true" identifierref="RES-eXefracciones647ee5e6279aa4a60c4">
    <title>Las fracciones</title>
<item identifier="ITEM-eXefracciones647ee5e6279aa4a60d5" isvisible="true" identifierref="RES-eXefracciones647ee5e6279aa4a60d6">
    <title>Comenzamos nuestro proyecto</title>
</item>
<item identifier="ITEM-eXefracciones647ee5e6279aa4a60d7" isvisible="true" identifierref="RES-eXefracciones647ee5e6279aa4a60d8">
    <title>Localizo un ABP, un proyecto, una Sda, REA... y lo comento</title>
</item>
<item identifier="ITEM-eXefracciones647ee5e6279aa4a60d9" isvisible="true" identifierref="RES-eXefracciones647ee5e6279aa4a60da">
    <title>Licencias y seguridad</title>
</item>
<item identifier="ITEM-eXefracciones647ee5e6279aa4a60db" isvisible="true" identifierref="RES-eXefracciones647ee5e6279aa4a60dc">
    <title>Herramientas de comunicación</title>
</item>
<item identifier="ITEM-eXefracciones647ee5e6279aa4a60dd" isvisible="true" identifierref="RES-eXefracciones647ee5e6279aa4a60de">
    <title>Elegimos la herramienta para el producto final</title>
</item>
<item identifier="ITEM-eXefracciones647ee5e6279aa4a60df" isvisible="true" identifierref="RES-eXefracciones647ee5e6279aa4a60d10">
    <title>Curación de contenido</title>
</item>
<item identifier="ITEM-eXefracciones647ee5e6279aa4a60d11" isvisible="true" identifierref="RES-eXefracciones647ee5e6279aa4a60d12">
    <title>Guía didáctica</title>
</item>
<item identifier="ITEM-eXefracciones647ee5e6279aa4a60e13" isvisible="true" identifierref="RES-eXefracciones647ee5e6279aa4a60e14">
    <title>Actividades complementarias de ejemplo</title>
</item>
<item identifier="ITEM-eXefracciones647ee5e6279aa4a60f15" isvisible="true" identifierref="RES-eXefracciones647ee5e6279aa4a60f16">
    <title>Línea temporal para la organización</title>
</item>
<item identifier="ITEM-eXefracciones647ee5e6279aa4a60f17" isvisible="true" identifierref="RES-eXefracciones647ee5e6279aa4a60f18">
    <title>Elegimos y creamos los instrumentos de evaluación</title>
</item>
<item identifier="ITEM-eXefracciones647ee5e6279aa4a60f19" isvisible="true" identifierref="RES-eXefracciones647ee5e6279aa4a60f1a">
    <title>Créditos</title>
</item>
</item>
  </organization>
</organizations>
<resources>
  <resource identifier="RES-eXefracciones647ee5e6279aa4a60c4" type="webcontent" adlcp:scormtype="sco" href="index.html"> 
    <file href="index.html"/> 
    <file href="exe_html5.js"/>
    <dependency identifierref="COMMON_FILES"/>
  </resource>
  <resource identifier="RES-eXefracciones647ee5e6279aa4a60d6" type="webcontent" adlcp:scormtype="sco" href="comenzamos_nuestro_proyecto.html"> 
    <file href="comenzamos_nuestro_proyecto.html"/> 
    <file href="exe_html5.js"/>
    <dependency identifierref="COMMON_FILES"/>
  </resource>
  <resource identifier="RES-eXefracciones647ee5e6279aa4a60d8" type="webcontent" adlcp:scormtype="sco" href="localizo_un_abp_un_proyecto_una_sda_rea_y_lo_comento.html"> 
    <file href="localizo_un_abp_un_proyecto_una_sda_rea_y_lo_comento.html"/> 
    <file href="exe_html5.js"/>
    <dependency identifierref="COMMON_FILES"/>
  </resource>
  <resource identifier="RES-eXefracciones647ee5e6279aa4a60da" type="webcontent" adlcp:scormtype="sco" href="licencias_y_seguridad.html"> 
    <file href="licencias_y_seguridad.html"/> 
    <file href="exe_html5.js"/>
    <dependency identifierref="COMMON_FILES"/>
  </resource>
  <resource identifier="RES-eXefracciones647ee5e6279aa4a60dc" type="webcontent" adlcp:scormtype="sco" href="herramientas_de_comunicacin.html"> 
    <file href="herramientas_de_comunicacin.html"/> 
    <file href="exe_html5.js"/>
    <dependency identifierref="COMMON_FILES"/>
  </resource>
  <resource identifier="RES-eXefracciones647ee5e6279aa4a60de" type="webcontent" adlcp:scormtype="sco" href="elegimos_la_herramienta_para_el_producto_final.html"> 
    <file href="elegimos_la_herramienta_para_el_producto_final.html"/> 
    <file href="exe_html5.js"/>
    <dependency identifierref="COMMON_FILES"/>
  </resource>
  <resource identifier="RES-eXefracciones647ee5e6279aa4a60d10" type="webcontent" adlcp:scormtype="sco" href="curacin_de_contenido.html"> 
    <file href="curacin_de_contenido.html"/> 
    <file href="exe_html5.js"/>
    <dependency identifierref="COMMON_FILES"/>
  </resource>
  <resource identifier="RES-eXefracciones647ee5e6279aa4a60d12" type="webcontent" adlcp:scormtype="sco" href="gua_didctica.html"> 
    <file href="gua_didctica.html"/> 
    <file href="exe_html5.js"/>
    <dependency identifierref="COMMON_FILES"/>
  </resource>
  <resource identifier="RES-eXefracciones647ee5e6279aa4a60e14" type="webcontent" adlcp:scormtype="sco" href="actividades_complementarias_de_ejemplo.html"> 
    <file href="actividades_complementarias_de_ejemplo.html"/> 
    <file href="exe_html5.js"/>
    <file href="stock-stop.png"/>
    <file href="panel-amusements.png"/>
    <file href="common.js"/>
    <dependency identifierref="COMMON_FILES"/>
  </resource>
  <resource identifier="RES-eXefracciones647ee5e6279aa4a60f16" type="webcontent" adlcp:scormtype="sco" href="lnea_temporal_para_la_organizacin.html"> 
    <file href="lnea_temporal_para_la_organizacin.html"/> 
    <file href="exe_html5.js"/>
    <dependency identifierref="COMMON_FILES"/>
  </resource>
  <resource identifier="RES-eXefracciones647ee5e6279aa4a60f18" type="webcontent" adlcp:scormtype="sco" href="elegimos_y_creamos_los_instrumentos_de_evaluacin.html"> 
    <file href="elegimos_y_creamos_los_instrumentos_de_evaluacin.html"/> 
    <file href="exe_html5.js"/>
    <dependency identifierref="COMMON_FILES"/>
  </resource>
  <resource identifier="RES-eXefracciones647ee5e6279aa4a60f1a" type="webcontent" adlcp:scormtype="sco" href="crditos.html"> 
    <file href="crditos.html"/> 
    <file href="exe_html5.js"/>
    <dependency identifierref="COMMON_FILES"/>
  </resource>
  <resource identifier="COMMON_FILES" type="webcontent" adlcp:scormtype="asset">
    <file href="config.xml"/>
    <file href="content.css"/>
    <file href="EncodeSans-Light_latin-ext.woff2"/>
    <file href="EncodeSans-Light_latin.woff2"/>
    <file href="EncodeSans-Light_vietnamese.woff2"/>
    <file href="icon_atom.png"/>
    <file href="icon_award.png"/>
    <file href="icon_beach.png"/>
    <file href="icon_bulb.png"/>
    <file href="icon_camera.png"/>
    <file href="icon_classroom.png"/>
    <file href="icon_compass.png"/>
    <file href="icon_edia.png"/>
    <file href="icon_etwinning.png"/>
    <file href="icon_exe.png"/>
    <file href="icon_footprints.png"/>
    <file href="icon_free_license.png"/>
    <file href="icon_gears.png"/>
    <file href="icon_knowledge.png"/>
    <file href="icon_list.png"/>
    <file href="icon_microphone.png"/>
    <file href="icon_network.png"/>
    <file href="icon_plus.png"/>
    <file href="icon_presentation.png"/>
    <file href="icon_puzzle.png"/>
    <file href="icon_share.png"/>
    <file href="icon_stars.png"/>
    <file href="icon_talk.png"/>
    <file href="icon_teacher_screen.png"/>
    <file href="icon_telescope.png"/>
    <file href="icon_think.png"/>
    <file href="icon_tree.png"/>
    <file href="icon_write.png"/>
    <file href="nav.css"/>
    <file href="_intef_bg.png"/>
    <file href="_intef_footer.png"/>
    <file href="_intef_header.png"/>
    <file href="_intef_icons.png"/>
    <file href="_intef_js.js"/>
    <file href="_intef_left_column.gif"/>
    <file href="_intef_licenses.gif"/>
    <file href="_intef_menu.gif"/>
    <file href="_intef_print.png"/>
    <file href="_intef_title_bg.png"/>
    <file href="base.css"/>
    <file href="popup_bg.gif"/>
    <file href="exe_powered_logo.png"/>
    <file href="SCORM_API_wrapper.js"/>
    <file href="SCOFunctions.js"/>
    <file href="common.js"/>
    <file href="common_i18n.js"/>
    <file href="exe_jquery.js"/>
    <file href="content.xsd"/>
    <file href="content.data"/>
    <file href="contentv3.xml"/>
    <file href="imslrm.xml"/>
  </resource>
</resources>
</manifest>
